SUB,Area_ha,Slope_pct,Elev_m,AGRL_pct,FRST_pct,PAST_pct,URBN_pct,WATR_pct,PRECIPmm,SYLDt_ha,TN_OUT_MEAN_MONTHLY_KG,TN_LOAD_KG_HA_MONTH
10,40616,29.691034248570336,755.0618521292485,0.0,67.4080294979237,0.0,0.742766228068233,0.010636270568996,500.0800757575758,0.3136060606060606,19076.567779885547,0.4696811054728567
6,12990,25.634712806431136,491.1601676713088,0.0,62.08688422365413,0.0,2.404905425067553,0.016628559551029,447.4781136363636,0.24789393939393942,26950.787572763093,2.074733454408244
8,12233,30.18670878130093,625.6174932132689,0.0,77.79175586895907,0.0,0.680512333826246,0.0,425.1489090909091,0.20687878787878788,3787.1260819045606,0.3095827746182098
9,19228,34.36246307511638,820.1150807395272,0.0,77.95459864263984,0.0,0.482096887432716,0.000936110461034,423.5082575757576,0.21711363636363634,7124.696822276398,0.3705375921716454
7,12785,32.66128311418672,710.7400128117587,0.0,29.08550792991545,7.052098805409095,0.52021371702908,0.002815771134123,423.5082575757576,5.939939393939394,6202.514413187817,0.48513996192317693
2,82,12.954862920778917,339.04961411245864,41.12458654906284,34.619625137816975,0.0,16.5380374862183,0.0,498.9977272727273,1.9163712121212122,34804.154588949496,424.4409096213353
12,5121,33.58702833654999,483.4569660966308,0.0,80.6404555600471,0.0,2.052832311018156,0.147635200449936,466.3242424242424,0.2076060606060606,75234.03189175087,14.691277463727957
1,14660,27.435247076317104,562.4830869533188,0.0,74.97482994867765,0.0,1.028288682071556,0.0509540063354859,473.8105151515151,0.2670075757575757,47119.117449808684,3.214128066153389
3,5054,41.958584091155615,641.3518076580588,0.0,68.74977738201247,0.0,0.309884238646482,0.003561887800534,498.99778030303025,0.18215151515151515,25367.14333454456,5.019221079252979
4,38595,35.874289922904694,809.4428144354899,0.0,64.04792552794568,0.0,0.282628162077457,0.665528691888665,539.8251136363637,0.3273712121212121,17712.68427397821,0.45893727876611506
26,14931,19.678815390948746,307.2944147749876,8.013164398259214,50.06811250015069,0.0,5.168111294619716,0.074140155031284,430.34800757575755,0.8581060606060605,8916.830292878916,0.5972024842863114
13,22301,30.845331735862043,532.8902390791981,0.0,74.23037807122333,0.0,1.298308203919544,0.489539276143739,405.5625075757576,0.15100757575757576,4740.541557615059,0.2125708065833397
11,16266,40.77669054742595,504.2856249654181,0.0,78.59071543185968,0.0,1.397665025175676,2.174514469097549,431.5113636363636,0.15043181818181817,83438.0456857856,5.129598283891897
24,12981,24.18242627368189,396.8857235957237,11.458145564969008,64.65217210443849,0.0,1.911424173934746,1.562001691648526,390.4221212121212,0.6994242424242424,6492.189125640866,0.5001301229212592
15,8732,15.22976270305725,284.5455482487786,29.212104970211712,36.40973839905997,0.0,6.252447999340329,5.949411449421756,390.4221212121212,1.479840909090909,34911.92044226193,3.998158548128943
25,28206,32.08664439145956,629.6594161510898,3.73863683500158,30.325491459877536,0.0,1.154424175901316,0.066368222384597,402.49256060606064,1.297840909090909,17329.560033531772,0.6143926835968153
23,24502,34.75216078793627,721.3639816345271,0.0,74.36914600550963,0.0,0.606795224977044,0.01505968778696,448.8193787878788,0.14075000000000001,4966.816343064682,0.20271064986795698
5,26874,31.51551566445216,814.6438522696067,0.0,70.19102606179545,0.0,0.517752965525554,0.00971205433392,454.7056893939394,0.2582651515151515,9309.781971432902,0.34642338213265245
22,19905,26.86646520042202,412.7586980209883,11.108599228651132,41.351714284422464,0.0,3.86171785631932,1.5580704522744848,439.1138106060606,1.1926818181818182,11913.551952074977,0.5985205703127343
20,11300,32.057487961659845,489.7347021671432,0.0,70.59901080784027,0.0,7.1346081859235255,1.642281991446116,495.88364393939395,0.09936363636363636,2148.409470889318,0.1901247319371078
21,20005,25.025608937481863,330.604511386437,23.11838115546918,47.699318883220414,0.0,9.60086736667836,0.116068777498853,495.88365151515154,0.7723863636363636,14026.970119478408,0.7011732126707527
17,35018,19.152642394642903,261.0541831153878,15.664322723908215,36.570133234641006,0.0,9.855868081256682,0.462620281273131,463.0514166666666,1.3529772727272726,23160.882132211118,0.6613993412590987
18,17507,27.85803411047572,391.41686244068944,13.32617066011402,57.47942445007634,0.0,3.693574670868311,1.801292365584211,623.9825984848485,0.994909090909091,9364.065483860859,0.5348755060182132
19,35436,26.41756080268095,438.7000619717165,10.191553559817946,39.18237971391417,0.0,2.672657265929779,0.853634996749025,511.99556818181816,0.9488257575757576,16201.255479719084,0.45719763742293384
16,7063,4.208287025399914,72.89904936666922,42.26240538267452,0.0,0.0,26.963070571144584,0.047149374315059,495.88364393939395,0.7570984848484849,25456.94950648644,3.60426865446502
14,4371,12.39272077109365,134.60869296656236,15.959067698896392,33.112337341459394,0.0,42.79978586723769,0.422088618020096,495.88368939393945,0.8441666666666667,29130.540195886297,6.664502447011278
29,10083,2.568417997307553,54.73326549375608,37.75718787099769,0.0,0.0,34.11973685385034,6.057360147818868,367.4367424242424,0.33709848484848487,189290.8681949969,18.773268689377854
30,3163,2.552870526126334,40.06285031439384,46.60710729222978,0.0,0.0,33.90901072637779,2.728540131447918,381.5841287878788,0.5155227272727273,58476.06237446432,18.48753157586605
31,28342,4.410624211260036,52.966508316556265,40.11380884940015,0.0,0.0,22.40992778980928,0.330566440361495,400.7329015151515,0.8212424242424242,51277.46932113186,1.8092396203913577
27,38,4.463205406326426,28.258373205741627,0.239234449760766,0.0,0.0,0.0,0.0,410.5420757575758,1.9622954545454547,307590.27296670695,8094.480867544919
28,7699,2.927109847097829,33.73128448517722,38.02370709810156,0.0,0.0,39.22192088282053,8.569858786121761,366.3212575757576,0.41837878787878785,256281.13996971675,33.28758799450796
