Subbasin,Urban_TN_g_s,Ind_TN_g_s,PL_point_TN_g_s
1,0.0,0.00010530821825951746,0.00010530821825951746
2,0.0,0.0,0.0
3,0.0,0.0,0.0
4,0.0,0.0,0.0
5,0.0,0.0,0.0
6,0.0,0.00023373287834533275,0.00023373287834533275
7,0.0,0.0,0.0
8,0.0,3.85273962396465e-05,3.85273962396465e-05
9,0.0,3.467465763630932e-05,3.467465763630932e-05
10,0.0,2.1404109589041096e-05,2.1404109589041096e-05
11,0.0,2.6541096094536454e-05,2.6541096094536454e-05
12,0.0,0.00012970890543640475,0.00012970890543640475
13,0.0,2.3116439274729117e-05,2.3116439274729117e-05
14,0.10562417584890524,0.002994006849213006,0.10861818269811824
15,0.0,0.00022260274176728236,0.00022260274176728236
16,0.158441622595325,0.007345462355711689,0.16578708495103667
17,0.11264852859960602,0.003429366430038051,0.11607789502964407
18,0.00832699137493658,0.0006070205495271781,0.00893401192446376
19,0.00206154875498868,0.0008471746568580809,0.002908723411846761
20,0.0360101157460099,0.0025796232754619767,0.03858973902147188
21,0.0549977169673132,0.003473886987832311,0.05847160395514551
22,0.012475234657178248,0.0007114725978407141,0.013186707255018961
23,0.0,5.436643753966241e-05,5.436643753966241e-05
24,0.0,0.0,0.0
25,0.0,0.0,0.0
26,0.0,0.0,0.0
27,0.010351027648863849,0.0,0.010351027648863849
28,0.11923798219405232,0.0047825342516274495,0.12402051644567977
29,0.14598452521422867,0.0065376712417561725,0.15252219645598483
30,0.05092449902066841,0.0023981164515732905,0.0533226154722417
31,0.4420317416193218,0.01583775682885149,0.45786949844817326
32,0.12744171761698314,0.002765839025760963,0.1302075566427441
