子流域ID(SUB),海拔(m),水域比例(%),纬度,经度,水功能区,水质类别,TN标准限值(mg/L),面积(ha),坡度(%)
1.0,562.48,0.05,40.772,116.568,密云水库下游区,Ⅲ类,1.0,14660.0,27.44
2.0,339.05,0.0,40.6931,116.5591,密云水库下游区,Ⅲ类,1.0,82.0,12.95
3.0,641.35,0.0,40.6803,116.4799,密云水库上游水源河,Ⅱ类,0.5,5054.0,41.96
4.0,809.44,0.67,40.6735,116.2711,密云水库上游水源河,Ⅱ类,0.5,38595.0,35.87
5.0,814.64,0.01,40.573,116.4349,密云水库上游水源河,Ⅱ类,0.5,26874.0,31.52
6.0,491.16,0.02,40.7798,116.6734,密云水库下游区,Ⅲ类,1.0,12990.0,25.63
7.0,710.74,0.0,40.7562,116.4131,密云水库上游水源河,Ⅱ类,0.5,12785.0,32.66
8.0,625.62,0.0,40.7699,116.8003,密云水库上游水源河,Ⅱ类,0.5,12233.0,30.19
9.0,820.12,0.0,40.8336,116.4566,密云水库上游水源河,Ⅱ类,0.5,19228.0,34.36
10.0,755.06,0.01,40.9211,116.6204,密云水库上游水源河,Ⅱ类,0.5,40616.0,29.69
11.0,504.29,2.17,40.6208,116.7558,密云水库下游区,Ⅲ类,1.0,16266.0,40.78
12.0,483.46,0.15,40.6985,116.679,密云水库下游区,Ⅲ类,1.0,5121.0,33.59
13.0,532.89,0.49,40.6768,116.8745,密云水库下游区,Ⅲ类,1.0,22301.0,30.85
14.0,134.61,0.42,40.3482,116.6169,潮白河上段,Ⅲ类,1.0,4371.0,12.39
15.0,284.55,5.95,40.6114,117.0885,潮白河上段,Ⅲ类,1.0,8732.0,15.23
16.0,72.9,0.05,40.3572,116.7122,潮白河下段,Ⅳ类,1.5,7063.0,4.21
17.0,261.05,0.46,40.3955,117.0131,潮白河上段,Ⅲ类,1.0,35018.0,19.15
18.0,391.42,1.8,40.4176,116.4882,密云水库下游区,Ⅲ类,1.0,17507.0,27.86
19.0,438.7,0.85,40.3913,116.3618,密云水库下游区,Ⅲ类,1.0,35436.0,26.42
20.0,489.73,1.64,40.4433,116.5966,密云水库下游区,Ⅲ类,1.0,11300.0,32.06
21.0,330.6,0.12,40.4581,116.702,密云水库下游区,Ⅲ类,1.0,20005.0,25.03
22.0,412.76,1.56,40.4872,117.1597,密云水库下游区,Ⅲ类,1.0,19905.0,26.87
23.0,721.36,0.02,40.5797,116.5947,密云水库上游水源河,Ⅱ类,0.5,24502.0,34.75
24.0,396.89,1.56,40.6319,116.9937,密云水库下游区,Ⅲ类,1.0,12981.0,24.18
25.0,629.66,0.07,40.6136,117.3365,密云水库上游水源河,Ⅱ类,0.5,28206.0,32.09
26.0,307.29,0.07,40.6522,117.1772,密云水库下游区,Ⅲ类,1.0,14931.0,19.68
27.0,28.26,0.0,40.0206,116.7687,潮白河下段,Ⅳ类,1.5,38.0,4.46
28.0,33.73,8.57,40.1301,116.6988,潮白河下段,Ⅳ类,1.5,7699.0,2.93
29.0,54.73,6.06,40.322,116.7517,潮白河下段,Ⅳ类,1.5,10083.0,2.57
30.0,40.06,2.73,40.2601,116.662,潮白河下段,Ⅳ类,1.5,3163.0,2.55
31.0,52.97,0.33,40.1853,116.7772,潮白河下段,Ⅳ类,1.5,28342.0,4.41
32.0,221.8,31.18,40.5074,116.8991,密云水库库区,Ⅱ类,0.5,37645.0,11.57
