SUB,Area_ha,Slope_pct,Elev_m,AGRL_pct,FRST_pct,PAST_pct,URBN_pct,WATR_pct,C_STRICT_MG_L,GB_CLASS,WATER_FUNCTION_ZONE,TN_CONC_MG_L,S_SLOPE,S_ELEVATION,ALPHA,C_LOOSE_MG_L,C_INTERPOLATED_MG_L,ALREADY_COMPLIANT_GATE,CORE_PROTECTION_GATE,C_DYNAMIC_MG_L,SCORE_SHAPE
1,14660,27.435247076317104,562.4830869533188,0.0,74.97482994867765,0.0,1.028288682071556,0.0509540063354859,1.0,Ⅲ类,密云水库下游区,12.987855851724511,0.0,0.0,0.0,2.0,1.0,False,False,1.0,linear
2,82,12.954862920778917,339.04961411245864,41.12458654906284,34.619625137816975,0.0,16.5380374862183,0.0,1.0,Ⅲ类,密云水库下游区,10.346312075382974,0.647198370455404,0.0,0.323599185227702,2.0,1.323599185227702,False,False,1.323599185227702,linear
3,5054,41.958584091155615,641.3518076580588,0.0,68.74977738201247,0.0,0.309884238646482,0.003561887800534,0.5,Ⅱ类,密云水库上游水源河,8.487387771122146,0.0,0.0,0.0,1.5,0.5,False,False,0.5,linear
4,38595,35.874289922904694,809.4428144354899,0.0,64.04792552794568,0.0,0.282628162077457,0.665528691888665,0.5,Ⅱ类,密云水库上游水源河,6.5106770518181865,0.0,0.0,0.0,1.5,0.5,False,False,0.5,linear
5,26874,31.51551566445216,814.6438522696067,0.0,70.19102606179545,0.0,0.517752965525554,0.00971205433392,0.5,Ⅱ类,密云水库上游水源河,3.6944024211302975,0.0,0.0,0.0,1.5,0.5,False,False,0.5,linear
6,12990,25.634712806431136,491.1601676713088,0.0,62.08688422365413,0.0,2.404905425067553,0.016628559551029,1.0,Ⅲ类,密云水库下游区,8.522792610104792,0.0,0.0,0.0,2.0,1.0,False,False,1.0,linear
7,12785,32.66128311418672,710.7400128117587,0.0,29.08550792991545,7.052098805409095,0.52021371702908,0.002815771134123,0.5,Ⅱ类,密云水库上游水源河,3.363753188538547,0.0,0.0,0.0,1.5,0.5,False,False,0.5,linear
8,12233,30.18670878130093,625.6174932132689,0.0,77.79175586895907,0.0,0.680512333826246,0.0,0.5,Ⅱ类,密云水库上游水源河,2.0555359570302136,0.0,0.0,0.0,1.5,0.5,False,False,0.5,linear
9,19228,34.36246307511638,820.1150807395272,0.0,77.95459864263984,0.0,0.482096887432716,0.000936110461034,0.5,Ⅱ类,密云水库上游水源河,3.282769364660576,0.0,0.0,0.0,1.5,0.5,False,False,0.5,linear
10,40616,29.691034248570336,755.0618521292485,0.0,67.4080294979237,0.0,0.742766228068233,0.010636270568996,0.5,Ⅱ类,密云水库上游水源河,6.853302975721435,0.0,0.0,0.0,1.5,0.5,False,False,0.5,linear
11,16266,40.77669054742595,504.2856249654181,0.0,78.59071543185968,0.0,1.397665025175676,2.174514469097549,1.0,Ⅲ类,密云水库下游区,19.18022338451568,0.0,0.0,0.0,2.0,1.0,False,False,1.0,linear
12,5121,33.58702833654999,483.4569660966308,0.0,80.6404555600471,0.0,2.052832311018156,0.147635200449936,1.0,Ⅲ类,密云水库下游区,18.454350604307848,0.0,0.0,0.0,2.0,1.0,False,False,1.0,linear
13,22301,30.845331735862043,532.8902390791981,0.0,74.23037807122333,0.0,1.298308203919544,0.489539276143739,1.0,Ⅲ类,密云水库下游区,2.030474726013764,0.0,0.0,0.0,2.0,1.0,False,False,1.0,linear
14,4371,12.39272077109365,134.60869296656236,15.959067698896392,33.112337341459394,0.0,42.79978586723769,0.422088618020096,1.0,Ⅲ类,潮白河上段,8.858361257913998,0.7058996335085377,1.0,0.8529498167542688,2.0,1.8529498167542688,False,False,1.8529498167542688,linear
15,8732,15.22976270305725,284.5455482487786,29.212104970211712,36.40973839905997,0.0,6.252447999340329,5.949411449421756,1.0,Ⅲ类,潮白河上段,12.305648293494954,0.40964370458698723,0.27863481320629074,0.344139258896639,2.0,1.344139258896639,False,False,1.344139258896639,linear
16,7063,4.208287025399914,72.89904936666922,42.26240538267452,0.0,0.0,26.963070571144584,0.047149374315059,1.5,Ⅳ类,潮白河下段,8.76264092360041,1.0,1.0,1.0,2.0,2.0,False,False,2.0,linear
17,35018,19.152642394642903,261.0541831153878,15.664322723908215,36.570133234641006,0.0,9.855868081256682,0.462620281273131,1.0,Ⅲ类,潮白河上段,8.895040500846335,0.0,0.420746395621645,0.2103731978108225,2.0,1.2103731978108225,False,False,1.2103731978108225,linear
18,17507,27.85803411047572,391.41686244068944,13.32617066011402,57.47942445007634,0.0,3.693574670868311,1.801292365584211,1.0,Ⅲ类,密云水库下游区,4.24946766991868,0.0,0.0,0.0,2.0,1.0,False,False,1.0,linear
19,35436,26.41756080268095,438.7000619717165,10.191553559817946,39.18237971391417,0.0,2.672657265929779,0.853634996749025,1.0,Ⅲ类,密云水库下游区,5.665171572622287,0.0,0.0,0.0,2.0,1.0,False,False,1.0,linear
20,11300,32.057487961659845,489.7347021671432,0.0,70.59901080784027,0.0,7.1346081859235255,1.642281991446116,1.0,Ⅲ类,密云水库下游区,1.1690327751191962,0.0,0.0,0.0,2.0,1.0,False,False,1.0,linear
21,20005,25.025608937481863,330.604511386437,23.11838115546918,47.699318883220414,0.0,9.60086736667836,0.116068777498853,1.0,Ⅲ类,密云水库下游区,6.019043467967107,0.0,0.0,0.0,2.0,1.0,False,False,1.0,linear
22,19905,26.86646520042202,412.7586980209883,11.108599228651132,41.351714284422464,0.0,3.86171785631932,1.5580704522744848,1.0,Ⅲ类,密云水库下游区,5.472564147062941,0.0,0.0,0.0,2.0,1.0,False,False,1.0,linear
23,24502,34.75216078793627,721.3639816345271,0.0,74.36914600550963,0.0,0.606795224977044,0.01505968778696,0.5,Ⅱ类,密云水库上游水源河,2.0019374020372354,0.0,0.0,0.0,1.5,0.5,False,False,0.5,linear
24,12981,24.18242627368189,396.8857235957237,11.458145564969008,64.65217210443849,0.0,1.911424173934746,1.562001691648526,1.0,Ⅲ类,密云水库下游区,3.4921612149772363,0.0,0.0,0.0,2.0,1.0,False,False,1.0,linear
25,28206,32.08664439145956,629.6594161510898,3.73863683500158,30.325491459877536,0.0,1.154424175901316,0.066368222384597,0.5,Ⅱ类,密云水库上游水源河,7.407247742660955,0.0,0.0,0.0,1.5,0.5,False,False,0.5,linear
26,14931,19.678815390948746,307.2944147749876,8.013164398259214,50.06811250015069,0.0,5.168111294619716,0.074140155031284,1.0,Ⅲ类,密云水库下游区,4.635551253213489,0.0,0.14101499410092866,0.07050749705046433,2.0,1.0705074970504644,False,False,1.0705074970504644,linear
27,38,4.463205406326426,28.258373205741627,0.239234449760766,0.0,0.0,0.0,0.0,1.5,Ⅳ类,潮白河下段,58.04274135977338,1.0,1.0,1.0,2.0,2.0,False,False,2.0,linear
28,7699,2.927109847097829,33.73128448517722,38.02370709810156,0.0,0.0,39.22192088282053,8.569858786121761,1.5,Ⅳ类,潮白河下段,48.88918021768317,1.0,1.0,1.0,2.0,2.0,False,False,2.0,linear
29,10083,2.568417997307553,54.73326549375608,37.75718787099769,0.0,0.0,34.11973685385034,6.057360147818868,1.5,Ⅳ类,潮白河下段,38.28368344383443,1.0,1.0,1.0,2.0,2.0,False,False,2.0,linear
30,3163,2.552870526126334,40.06285031439384,46.60710729222978,0.0,0.0,33.90901072637779,2.728540131447918,1.5,Ⅳ类,潮白河下段,15.376317520953824,1.0,1.0,1.0,2.0,2.0,False,False,2.0,linear
31,28342,4.410624211260036,52.966508316556265,40.11380884940015,0.0,0.0,22.40992778980928,0.330566440361495,1.5,Ⅳ类,潮白河下段,21.46365534594612,1.0,1.0,1.0,2.0,2.0,False,False,2.0,linear
32,37645,11.57116200308904,221.8039844314069,8.30739364728721,23.71795791315824,0.0,5.579064641219476,31.17711187296487,0.5,Ⅱ类,密云水库库区,32.67515384506917,0.7916902780656986,0.6581914233339385,0.7249408506998185,1.5,1.2249408506998185,False,True,0.5,linear
