SUB,Area_ha,Slope_pct,Elev_m,AGRL_pct,FRST_pct,PAST_pct,URBN_pct,WATR_pct,C_STRICT_MG_L,GB_CLASS,WATER_FUNCTION_ZONE,S_SLOPE,S_ELEVATION,ALPHA,C_LOOSE_MG_L,C_INTERPOLATED_MG_L,ALREADY_COMPLIANT_GATE,CORE_PROTECTION_GATE,C_DYNAMIC_MG_L,SCORE_SHAPE,FLOW_OUT_MEAN_CMS,FLOW_OUT_SUM_CMS,TN_OUT_TOTAL_KG,TN_IN_TOTAL_KG,WATER_VOLUME_M3,TN_CONC_MG_L,VOLUME_M3,TO_SUB,UPSTREAMS,UPSTREAMS_LIST,POINT_TN_KG_D,TN_NPS_KG_D,Q_UP_CMS,C_UP_MG_L,Q_CAPACITY_CMS,K_D,W_BASE_KG_D,W_ACTUAL_KG_D,TN_IN_RCH_KG_D,TN_OUT_RCH_KG_D,RETENTION_INPUT_KG_D,R_TILDE,R,TRANSPORT_RATE,TN_NPS_ROUTED_KG_D,UPSTREAM_ROUTED_KG_D,OUTFLUX_ROUTED_KG_D,LP,TR,RISK_CLASS_LOCAL,RISK_CLASS_TRANSMISSION,RISK_CLASS_COMBINED,RISK_TYPE,CAPACITY_CLASS
1,14660,27.435247076317104,562.4830869533188,0.0,74.97482994867765,0.0,1.028288682071556,0.0509540063354859,1.0,Ⅲ类,密云水库下游区,0.0,0.0,0.0,2.0,1.0,False,False,1.0,linear,1.37650575,181.698759,6219723.503374746,6222209.1079776,478887629.6736,12.987855851724511,2383108.1878476595,12,"[2, 9]","[2, 9]",0.01199461038650784,171.1184668989547,2.0993063636363636,7.57662354957252,2.0993063636363636,0.05,-858.9704233575835,-858.98241796797,1548.5836505668492,1547.9650331943121,1719.7141120761903,0.09987071553104113,0.09987071553104113,0.9001292844689589,154.02874316918133,688.5932454776655,773.8624852112152,,,5,5,5,Transmission-driven deficit,High deficit
2,82,12.954862920778917,339.04961411245864,41.12458654906284,34.619625137816975,0.0,16.5380374862183,0.0,1.0,Ⅲ类,密云水库下游区,0.647198370455404,0.0,0.323599185227702,2.0,1.323599185227702,False,False,1.323599185227702,linear,1.276146515151515,168.45134,4594148.405741333,4594256.69519805,444037292.928,10.346312075382974,169727.796121104,1,"[3, 5]","[3, 5]",0.0,4.22704081632653,2.089218409090909,6.295708763620328,2.089218409090909,0.05,-709.0202533977907,-709.0202533977907,1143.418789247897,1143.391838163597,1147.6458300642234,0.003706711416699375,0.003706711416699375,0.9962932885833006,4.211372395873798,569.4764131001605,571.5769007740548,,,5,5,5,Transmission-driven deficit,High deficit
3,5054,41.958584091155615,641.3518076580588,0.0,68.74977738201247,0.0,0.309884238646482,0.003561887800534,0.5,Ⅱ类,密云水库上游水源河,0.0,0.0,0.0,1.5,0.5,False,False,0.5,linear,1.133885606060606,149.6729,3348462.920159882,3363219.23821617,394522202.88,8.487387771122146,1717688.318400873,2,"[4, 7]","[4, 7]",0.0,51.28715679442509,1.731431212121212,5.2393691552728665,1.731431212121212,0.05,-532.837466636802,-532.837466636802,837.0381379333425,833.365584907885,888.3252947277675,0.06186890111772088,0.06186890111772088,0.9381310988822791,48.11407676210175,392.7641013899819,416.5782948005963,,,5,5,5,Transmission-driven deficit,High deficit
4,38595,35.874289922904694,809.4428144354899,0.0,64.04792552794568,0.0,0.282628162077457,0.665528691888665,0.5,Ⅱ类,密云水库上游水源河,0.0,0.0,0.0,1.5,0.5,False,False,0.5,linear,1.0319601515151515,136.21874,2338074.324165124,2368195.9934866,359113853.376,6.5106770518181865,2106339.3967599366,3,[],[],0.0,589.1740953210551,0.0,0.0,1.0319601515151515,0.05,77.79133077156237,77.79133077156237,589.3967131624191,581.900030902221,1178.5708084834741,0.506266380675947,0.506266380675947,0.493733619324053,290.89505849483913,0.0,290.89505849483913,3.7394277178399884,0.0,4,1,4,Local-source area,Balanced
5,26874,31.51551566445216,814.6438522696067,0.0,70.19102606179545,0.0,0.517752965525554,0.00971205433392,0.5,Ⅱ类,密云水库上游水源河,0.0,0.0,0.0,1.5,0.5,False,False,0.5,linear,0.9553328030303031,126.10393,1228891.220229143,1243438.5930930001,332635993.632,3.6944024211302975,1689234.169077936,2,[],[],0.0,309.3653549029368,0.0,0.0,0.9553328030303031,0.05,66.800985054286,66.800985054286,309.4670465637133,305.84649582606846,618.8324014666501,0.5057684518438212,0.5057684518438212,0.49423154815617876,152.89811829956415,0.0,152.89811829956415,2.2888602342512026,0.0,3,1,3,Local-source area,Balanced
6,12990,25.634712806431136,491.1601676713088,0.0,62.08688422365413,0.0,2.404905425067553,0.016628559551029,1.0,Ⅲ类,密云水库下游区,0.0,0.0,0.0,2.0,1.0,False,False,1.0,linear,1.1997784393939395,158.370754,3557503.959604728,3570949.4688637997,417410597.952,8.522792610104792,1704437.7660691289,12,"[8, 10]","[8, 10]",0.0265876938775728,137.55886261821803,1.7543874242424244,4.94339928417215,1.7543874242424244,0.05,-410.01193716214084,-410.0385248560184,888.7380460089098,885.391727129101,1026.3234963210055,0.1373171029379073,0.1373171029379073,0.8626828970620927,118.66967812005073,375.52074706966425,442.64794085781057,,,5,5,5,Transmission-driven deficit,Moderate deficit
7,12785,32.66128311418672,710.7400128117587,0.0,29.08550792991545,7.052098805409095,0.52021371702908,0.002815771134123,0.5,Ⅱ类,密云水库上游水源河,0.0,0.0,0.0,1.5,0.5,False,False,0.5,linear,0.6994710606060606,92.33018,818731.9025407918,822748.5933602001,243398328.192,3.363753188538547,248938.9619439061,3,[],[],0.0,204.70955077152811,0.0,0.0,0.6994710606060606,0.05,29.152499093423582,29.152499093423582,204.76570267799903,203.76602850691683,409.47525344952714,0.5023727886109398,0.5023727886109398,0.4976272113890602,101.86904289514277,0.0,101.86904289514277,3.4943502637179766,0.0,4,1,4,Local-source area,Balanced
8,12233,30.18670878130093,625.6174932132689,0.0,77.79175586895907,0.0,0.680512333826246,0.0,0.5,Ⅱ类,密云水库上游水源河,0.0,0.0,0.0,1.5,0.5,False,False,0.5,linear,0.6983896893939394,92.187439,499900.642811402,500447.02665210003,243197226.0576,2.0555359570302136,72376.49877786904,6,[],[],0.004371760551939647,124.5220756595321,0.0,0.0,0.6983896893939394,0.05,25.58387764101193,25.57950588045999,124.5512759213788,124.41529188934842,249.07772334146287,0.5004961093257368,0.5004961093257368,0.49950389067426315,62.19926126677125,0.0,62.201444978176035,2.4316052685867104,0.0,3,1,3,Local-source area,Balanced
9,19228,34.36246307511638,820.1150807395272,0.0,77.95459864263984,0.0,0.482096887432716,0.000936110461034,0.5,Ⅱ类,密云水库上游水源河,0.0,0.0,0.0,1.5,0.5,False,False,0.5,linear,0.8231598484848485,108.6571,940459.9805404845,950306.9466217,286483720.32,3.282769364660576,985066.4234443496,1,[],[],0.003928430268610833,236.4498456943753,0.0,0.0,0.8231598484848485,0.05,48.14973283252336,48.145804402254754,236.5124307171976,234.06171740679056,472.96620484184155,0.5051195730040372,0.5051195730040372,0.4948804269959628,117.01440060036197,0.0,117.01634470361073,2.430417396762447,0.0,3,1,3,Local-source area,Balanced
10,40616,29.691034248570336,755.0618521292485,0.0,67.4080294979237,0.0,0.742766228068233,0.010636270568996,0.5,Ⅱ类,密云水库上游水源河,0.0,0.0,0.0,1.5,0.5,False,False,0.5,linear,1.055997734848485,139.391701,2518106.9469448924,2542229.136612,367429684.032,6.853302975721435,1948871.6524777503,6,[],[],0.0024506288013939055,632.5704449975112,0.0,0.0,1.055997734848485,0.05,75.47271476591867,75.47026413711727,632.7100887536087,626.706557228694,1265.2829843799213,0.5046905988893664,0.5046905988893664,0.4953094011106336,313.3180882720043,0.0,313.3193020914882,4.151543549692048,0.0,4,1,4,Local-source area,Balanced
11,16266,40.77669054742595,504.2856249654181,0.0,78.59071543185968,0.0,1.397665025175676,2.174514469097549,1.0,Ⅲ类,密云水库下游区,0.0,0.0,0.0,2.0,1.0,False,False,1.0,linear,1.650581515151515,217.87676,11013822.0305237,11025870.17459946,574228037.376,19.18022338451568,16041024.031006968,32,"[12, 23]","[12, 23]",0.0030294408366609476,109.55057889497263,2.487445833333333,12.234018950181836,2.487445833333333,0.05,-1289.8492608112363,-1289.8522902520729,2744.1190081133545,2741.120465536013,2853.672616449164,0.03944115742793227,0.03944115742793227,0.9605588425720677,105.2297772664549,1317.1741322220037,1370.455947135674,,,5,5,5,Transmission-driven deficit,High deficit
12,5121,33.58702833654999,483.4569660966308,0.0,80.6404555600471,0.0,2.052832311018156,0.147635200449936,1.0,Ⅲ类,密云水库下游区,0.0,0.0,0.0,2.0,1.0,False,False,1.0,linear,1.5469918181818183,204.20292,9930892.209711114,9932579.105641713,538132845.888,18.454350604307848,2932295.964163019,11,"[1, 6]","[1, 6]",0.014753155346640002,38.61014783474365,2.5762841893939394,10.908470887177574,2.5762841893939394,0.05,-1647.1369511116989,-1647.1517042670455,2472.020683335419,2471.6008486090377,2510.6455843255094,0.015551671633876246,0.015551671633876246,0.9844483283661237,38.0096954938823,1216.510426069026,1235.615874596615,,,5,5,5,Transmission-driven deficit,High deficit
13,22301,30.845331735862043,532.8902390791981,0.0,74.23037807122333,0.0,1.298308203919544,0.489539276143739,1.0,Ⅲ类,密云水库下游区,0.0,0.0,0.0,2.0,1.0,False,False,1.0,linear,0.884699393939394,116.78032,625751.4856051878,631952.3952502,308179893.888,2.030474726013764,830281.3461109439,32,[],[],0.0026230630976629616,157.1726525634644,0.0,0.0,0.884699393939394,0.05,94.36167595352867,94.35905289043102,157.28033729472372,155.7370546553479,314.45561292128576,0.5047407384191553,0.5047407384191553,0.49525926158084466,77.84121184928402,0.0,77.84251094557686,0.824946939004068,0.0,1,1,1,Available capacity,Balanced
14,4371,12.39272077109365,134.60869296656236,15.959067698896392,33.112337341459394,0.0,42.79978586723769,0.422088618020096,1.0,Ⅲ类,潮白河上段,0.7058996335085377,1.0,0.8529498167542688,2.0,1.8529498167542688,False,False,1.8529498167542688,linear,1.246664318181818,164.55969,3845231.305856991,3850871.9609048,434079305.856,8.858361257913998,451090.181604348,30,"[18, 19]","[18, 19]",10.337848193331647,118.50871030363365,1.9187970454545455,5.049040703867012,1.9187970454545455,0.05,-390.4548520289395,-400.79270022227115,958.4051669748133,957.0013205218992,1087.2517254717786,0.11979783696674419,0.11979783696674419,0.8802021630332558,104.31162314753983,420.17697614644686,483.2517027492951,,,5,5,5,Transmission-driven deficit,Moderate deficit
15,8732,15.22976270305725,284.5455482487786,29.212104970211712,36.40973839905997,0.0,6.252447999340329,5.949411449421756,1.0,Ⅲ类,潮白河上段,0.40964370458698723,0.27863481320629074,0.344139258896639,2.0,1.344139258896639,False,False,1.344139258896639,linear,1.0766500757575757,142.11781,4608373.498378575,4631500.86316156,374492541.024,12.305648293494954,1294737.1510260336,32,"[25, 26]","[25, 26]",0.025356231868570563,290.43136187157785,1.6173058333333334,6.1572175708069405,1.6173058333333334,0.05,-468.43297944961927,-468.4583356814878,1152.6881192537483,1146.9321797856085,1443.1448373571945,0.20525497504050602,0.20525497504050602,0.794745024959494,230.81887993964696,431.09854108953255,573.4524524769782,,,5,5,5,Transmission-driven deficit,Moderate deficit
16,7063,4.208287025399914,72.89904936666922,42.26240538267452,0.0,0.0,26.963070571144584,0.047149374315059,1.5,Ⅳ类,潮白河下段,1.0,1.0,1.0,2.0,2.0,False,False,2.0,linear,1.1014742121212122,145.394596,3360317.33485621,3370521.62584929,383482258.848,8.76264092360041,449747.64473488205,30,"[20, 21]","[20, 21]",15.402704079086801,307.4637456445993,1.579410606060606,3.881119759470845,1.579410606060606,0.05,-169.37989013824642,-184.7825942173332,838.8555564582603,836.3159121095595,1161.7220061819464,0.280106679860399,0.280106679860399,0.719893320139601,221.34109667464838,267.90190379366544,425.2901914470117,,,5,5,5,Transmission-driven deficit,Moderate deficit
17,35018,19.152642394642903,261.0541831153878,15.664322723908215,36.570133234641006,0.0,9.855868081256682,0.462620281273131,1.0,Ⅲ类,潮白河上段,0.0,0.420746395621645,0.2103731978108225,2.0,1.2103731978108225,False,False,1.2103731978108225,linear,0.9873257575757576,130.327,3057236.4414518676,3106195.9315005,343701239.04,8.895040500846335,2118823.360407936,29,[],[],10.845412830413508,773.0367302140368,0.0,0.0,0.9873257575757576,0.05,185.18333594844586,174.33792311803234,773.0701671230712,760.8851272901612,1556.9523101675215,0.5112983729037319,0.5112983729037319,0.4887016270962681,377.7843078607786,0.0,383.0844787575324,2.1669657473492245,0.0,3,1,3,Local-source area,Balanced
18,17507,27.85803411047572,391.41686244068944,13.32617066011402,57.47942445007634,0.0,3.693574670868311,1.801292365584211,1.0,Ⅲ类,密云水库下游区,0.0,0.0,0.0,2.0,1.0,False,False,1.0,linear,0.8350828787878788,110.23094,1236056.6438696333,1247446.5030937,290873290.464,4.24946766991868,677956.7108920318,14,[],[],0.8380913156917691,310.4028571428571,0.0,0.0,0.8350828787878788,0.05,84.83919701749947,84.0011057018077,310.4645353642857,307.6298267470466,621.7054838228345,0.5051839902465604,0.5051839902465604,0.49481600975343965,153.5923031874955,0.0,154.0070041881351,1.8284557316748533,0.0,2,1,2,Local-source area,Balanced
19,35436,26.41756080268095,438.7000619717165,10.191553559817946,39.18237971391417,0.0,2.672657265929779,0.853634996749025,1.0,Ⅲ类,密云水库下游区,0.0,0.0,0.0,2.0,1.0,False,False,1.0,linear,1.0837141666666668,143.05027,2138565.723322919,2171883.28016,377493549.12,5.665171572622287,2489863.45360896,14,[],[],0.28990400502543845,540.4386869089099,0.0,0.0,1.0837141666666668,0.05,174.50086134435844,174.210957339333,540.5383972523643,532.2463223800197,1081.2669881662996,0.5077567999346339,0.5077567999346339,0.49224320006536615,266.0272686831663,0.0,266.16997195831175,1.5270409665735947,0.0,2,1,2,Local-source area,Balanced
20,11300,32.057487961659845,489.7347021671432,0.0,70.59901080784027,0.0,7.1346081859235255,1.642281991446116,1.0,Ⅲ类,密云水库下游区,0.0,0.0,0.0,2.0,1.0,False,False,1.0,linear,0.6962168939393939,91.90062999999999,283590.05015739,286214.5120868,242585200.512,1.1690327751191962,212300.41266603008,16,[],[],3.6888267028904957,71.2113738178198,0.0,0.0,0.6962168939393939,0.05,56.61452821573212,52.92570151284163,71.23307916545545,70.5799029759557,146.13327968616576,0.5170169099911236,0.5170169099911236,0.4829830900088764,34.39388937030781,0.0,36.175530289777114,0.6498523096942352,0.0,1,1,1,Available capacity,Balanced
21,20005,25.025608937481863,330.604511386437,23.11838115546918,47.699318883220414,0.0,9.60086736667836,0.116068777498853,1.0,Ⅲ类,密云水库下游区,0.0,0.0,0.0,2.0,1.0,False,False,1.0,linear,0.8831937121212121,116.58157,1851560.05577115,1864343.1539573,307616993.568,6.019043467967107,432812.581274034,16,[],[],5.358980700228658,463.9785838725734,0.0,0.0,0.8831937121212121,0.05,78.35885263277956,72.9998719325509,463.99779839654053,460.81634041093827,933.3353629693426,0.5062692803743313,0.5062692803743313,0.4937307196256687,229.08048010630435,0.0,231.7263735038883,3.1380942738908635,0.0,4,1,4,Local-source area,Balanced
22,19905,26.86646520042202,412.7586980209883,11.108599228651132,41.351714284422464,0.0,3.86171785631932,1.5580704522744848,1.0,Ⅲ类,密云水库下游区,0.0,0.0,0.0,2.0,1.0,False,False,1.0,linear,0.8253255303030304,108.94297,1572588.857673897,1582657.8073679,287358688.8,5.472564147062941,551092.5260462699,32,[],[],1.251276881811572,393.8841824290692,0.0,0.0,0.8253255303030304,0.05,79.09020169639626,77.83892481458469,393.89193812043305,391.3859775196359,789.0273974313138,0.5039640210291852,0.5039640210291852,0.49603597897081475,195.38072603232234,0.0,196.00140438535527,2.5100645531490415,0.0,3,1,3,Local-source area,Balanced
23,24502,34.75216078793627,721.3639816345271,0.0,74.36914600550963,0.0,0.606795224977044,0.01505968778696,0.5,Ⅱ类,密云水库上游水源河,0.0,0.0,0.0,1.5,0.5,False,False,0.5,linear,0.940454015151515,124.13992999999999,655619.757284538,660767.6576568,327492636.19200003,2.0019374020372354,964998.4770855,11,[],[],0.0061697393429565785,164.33658486809355,0.0,0.0,0.940454015151515,0.05,51.80206030534637,51.795890566003415,164.45188094992534,163.17067130028323,328.79463555736186,0.5037307375052464,0.5037307375052464,0.49626926249475356,81.55519577339527,0.0,81.55825762538878,1.5745495421006348,0.0,2,1,2,Local-source area,Balanced
24,12981,24.18242627368189,396.8857235957237,11.458145564969008,64.65217210443849,0.0,1.911424173934746,1.562001691648526,1.0,Ⅲ类,密云水库下游区,0.0,0.0,0.0,2.0,1.0,False,False,1.0,linear,0.7043436363636364,92.97336,856968.9645845944,860761.3241934,245397881.664,3.4921612149772363,248922.896833962,32,[],[],0.0,214.13803932304629,0.0,0.0,0.7043436363636364,0.05,58.641148018813034,58.641148018813034,214.2263126414634,213.28247003100904,428.3643519645097,0.5021003287204449,0.5021003287204449,0.49789967127955514,106.6192593873932,0.0,106.6192593873932,1.8181645992535482,0.0,2,1,2,Local-source area,Balanced
25,28206,32.08664439145956,629.6594161510898,3.73863683500158,30.325491459877536,0.0,1.154424175901316,0.066368222384597,0.5,Ⅱ类,密云水库上游水源河,0.0,0.0,0.0,1.5,0.5,False,False,0.5,linear,0.8879037878787879,117.2033,2287501.924426194,2317436.3372756,308819416.32,7.407247742660955,1874953.29844602,15,[],[],0.0,576.6575599800896,0.0,0.0,0.8879037878787879,0.05,68.18502087801133,68.18502087801133,576.763647903335,569.3135700413624,1153.4212078834246,0.5064131245808492,0.5064131245808492,0.4935868754191508,284.630603217404,0.0,284.630603217404,4.174386097595127,0.0,4,1,4,Local-source area,Balanced
26,14931,19.678815390948746,307.2944147749876,8.013164398259214,50.06811250015069,0.0,5.168111294619716,0.074140155031284,1.0,Ⅲ类,密云水库下游区,0.0,0.14101499410092866,0.07050749705046433,2.0,1.0705074970504644,False,False,1.0705074970504644,linear,0.7294020454545455,96.28107,1177021.598660017,1183307.2368643,253911894.048,4.635551253213489,240652.9845745739,15,[],[],0.0,294.49892508710803,0.0,0.0,0.7294020454545455,0.05,64.2758273135382,64.2758273135382,294.50155223103536,292.9371823444542,589.0004773181433,0.5026537437146646,0.5026537437146646,0.49734625628533535,146.4679378721286,0.0,146.4679378721286,2.2787406089330653,0.0,3,1,3,Local-source area,Balanced
27,38,4.463205406326426,28.258373205741627,0.239234449760766,0.0,0.0,0.0,0.0,1.5,Ⅳ类,潮白河下段,1.0,1.0,1.0,2.0,2.0,False,False,2.0,linear,2.011165151515151,265.4738,40601916.03160532,40607977.485563435,699517546.5600001,58.04274135977338,939565.873569024,-1,"[28, 31]","[28, 31]",0.8709175892010875,2.7730637132901936,2.895268333333333,40.30792501117927,2.895268333333333,0.05,-7591.052968618245,-7591.923886207446,10106.515053649437,10105.006478746967,10110.159034951928,0.0005096414593626124,0.0005096414593626124,0.9994903585406374,2.771650445052447,5093.956904148821,5095.002936696803,,,5,5,5,Transmission-driven deficit,High deficit
28,7699,2.927109847097829,33.73128448517722,38.02370709810156,0.0,0.0,39.22192088282053,8.569858786121761,1.5,Ⅳ类,潮白河下段,1.0,1.0,1.0,2.0,2.0,False,False,2.0,linear,1.9893590909090908,262.5954,33829110.47600261,33953329.7274903,691954954.5600001,48.88918021768317,27006729.17406937,27,"[29, 30]","[29, 30]",11.421090603992276,310.5716816824291,3.3187791666666664,28.32781530447105,3.3187791666666664,0.05,-3878.9049512733272,-3890.3260418773193,8450.306054626753,8419.390362369988,8772.298826913175,0.040229872637315214,0.040229872637315214,0.9597701273626847,298.0774224835881,4097.823649366351,4242.007769929367,,,5,5,5,Transmission-driven deficit,High deficit
29,10083,2.568417997307553,54.73326549375608,37.75718787099769,0.0,0.0,34.11973685385034,6.057360147818868,1.5,Ⅳ类,潮白河下段,1.0,1.0,1.0,2.0,2.0,False,False,2.0,linear,1.8763903787878786,247.68353,24986394.601739593,25037877.7913238,652664329.92,38.28368344383443,14376974.697293485,28,"[17, 32]","[17, 32]",14.154297753016511,304.8388521652563,2.8135683333333334,24.33033486745218,2.8135683333333334,0.05,-3192.50806583291,-3206.6623635859264,6231.428021733151,6218.614883459331,6550.421171651423,0.05065419146299564,0.05065419146299564,0.9493458085370043,289.3974865823176,2971.5511292987853,3123.8644192801326,,,5,5,5,Transmission-driven deficit,High deficit
30,3163,2.552870526126334,40.06285031439384,46.60710729222978,0.0,0.0,33.90901072637779,2.728540131447918,1.5,Ⅳ类,潮白河下段,1.0,1.0,1.0,2.0,2.0,False,False,2.0,linear,1.4423887878787878,190.39532,7718840.23342929,7733978.33984806,501995371.968,15.376317520953824,1600665.4955585976,28,"[14, 16]","[14, 16]",5.040345284213524,131.5234912891986,2.3481385303030304,8.813460380703642,2.3481385303030304,0.05,-977.7941044956799,-982.8344497798935,1924.832837194639,1921.065264666324,2061.396673768051,0.06807588800714114,0.06807588800714114,0.9319241119928589,122.56991282588692,908.5418941963068,973.9592300862182,,,5,5,5,Transmission-driven deficit,High deficit
31,28342,4.410624211260036,52.966508316556265,40.11380884940015,0.0,0.0,22.40992778980928,0.330566440361495,1.5,Ⅳ类,潮白河下段,1.0,1.0,1.0,2.0,2.0,False,False,2.0,linear,0.9059092424242424,119.58002,6768625.950389406,6980221.6439215,315352899.648,21.46365534594612,1461746.203989084,27,[],[],40.43114045517196,1737.1219507217522,0.0,0.0,0.9059092424242424,0.05,242.172589991854,201.74144953668204,1737.2378406972375,1684.5758960650587,3514.7909318741613,0.5207180373693502,0.5207180373693502,0.4792819626306498,832.5712178707043,0.0,851.9491342194547,4.126921957697744,0.0,4,1,4,Local-source area,Balanced
32,37645,11.57116200308904,221.8039844314069,8.30739364728721,23.71795791315824,0.0,5.579064641219476,31.17711187296487,0.5,Ⅱ类,密云水库库区,0.7916902780656986,0.6581914233339385,0.7249408506998185,1.5,1.2249408506998185,False,True,0.5,linear,1.8262425757575758,241.06402,20755949.01780918,20821910.6714857,635221156.608,32.67515384506917,2000000000.0,29,"[11, 13, 15, 22, 24]","[11, 13, 15, 22, 24]",12.264565329799646,533.5602551020409,5.141600151515151,7.0,5.141600151515151,0.025,17689.981883927274,17677.717318597475,5182.1579570646345,5165.741418070976,5727.982777496475,0.09815695704155693,0.09815695704155693,0.9018430429584431,481.18760406290767,2324.3715743309776,2588.466650541253,0.02722000784324593,0.13148595672393013,1,1,1,Available capacity,Surplus
