feature,n,spearman_rho,p_value,nmi_quartile,rho_ci_low,rho_ci_high,nmi_ci_low,nmi_ci_high,fdr_q_value,fdr_significant_0_05,role,decision_reason
PRECIPmm,31,-0.20429566327543425,0.2702860114802281,0.041043704714055884,-0.5459730989523399,0.18402848391881868,0.1101903063952032,0.4524926400985493,0.3475105861888647,False,Excluded,Not retained after corrected screening
SYLDt_ha,31,0.33870967741935487,0.06233847129156033,0.2100188349352541,-0.10034661063627431,0.6847037565634249,0.17611098895586155,0.539976995287311,0.09350770693734049,False,Excluded,Not retained after corrected screening
Slope_pct,31,-0.5524193548387096,0.0012714653630320318,0.3115953914350547,-0.8194030124630035,-0.17819607815176108,0.24458233989004563,0.5937948153200728,0.004435578668063607,True,Standard-defining terrain factor,Retained intrinsic terrain attribute
Elev_m,31,-0.6665322580645162,4.242666653452163e-05,0.2486174707916405,-0.8303244328033272,-0.40358384122687985,0.21911717276511974,0.577231728140128,0.00038183999881069466,True,Standard-defining terrain factor,Retained intrinsic terrain attribute
AGRL_pct,31,0.5462205082660521,0.001478526222687869,0.3258596393648748,0.23121839757782467,0.7791312072330029,0.1858651001138203,0.6003973938377333,0.004435578668063607,True,Load term,Anthropogenic pressure; cannot justify relaxation
FRST_pct,31,-0.5126992178311089,0.0031872007484023347,0.21632221525070489,-0.7969228657060821,-0.11157413292725815,0.21209960850777326,0.5815837307974547,0.007171201683905253,True,Excluded,Strongly associated with terrain and treated as redundant
PAST_pct,31,-0.12247448713915891,0.5115895893419119,0.05929118120952247,-0.3232770047087084,-0.020442936901910805,0.050112506243483956,0.1941866700173251,0.5115895893419119,False,Excluded,Not retained after corrected screening
URBN_pct,31,0.4415322580645162,0.01289700261278274,0.21001883493525406,0.03658745112210796,0.7680220584322283,0.17975713871828147,0.5410186806081378,0.023214604703008936,True,Load term,Anthropogenic pressure; cannot justify relaxation
WATR_pct,31,0.1557079594212983,0.40290852516003206,0.09344457340241318,-0.2941953262120377,0.5688475646165655,0.15225249229909443,0.5192960580214848,0.45327209080503605,False,Excluded,Not retained after corrected screening
