feature,n,point_nmi,x_quartile_edges,y_quartile_edges,bootstrap_method,bootstrap_replicates,valid_bootstrap_replicates,bootstrap_mean,bootstrap_bias,percentile_ci_low,percentile_ci_high,basic_ci_low,basic_ci_high,point_inside_percentile_ci,unique_x_values,unique_y_values
PRECIPmm,31,0.0410437047140558,"[408.0522916666667, 447.4781136363636, 495.8836477272728]","[0.46430919211948585, 0.6613993412590987, 5.074409681572439]",Fixed original-sample quartile edges,5000,5000,0.1752623542303626,0.1342186495163067,0.066352684267496,0.3199649842368258,-0.237877574808714,0.0157347251606157,False,28,31
PRECIPmm,31,0.0410437047140558,"[408.0522916666667, 447.4781136363636, 495.8836477272728]","[0.46430919211948585, 0.6613993412590987, 5.074409681572439]",Recomputed quartile edges in each resample,5000,5000,0.266950493698215,0.2259067889841591,0.1101903063952032,0.4524926400985493,-0.3704052306704375,-0.0281028969670914,False,28,31
SYLDt_ha,31,0.2100188349352541,"[0.23250378787878784, 0.5155227272727273, 0.9718674242424243]","[0.46430919211948585, 0.6613993412590987, 5.074409681572439]",Fixed original-sample quartile edges,5000,5000,0.3208892269723885,0.1108703920371343,0.1691208265368885,0.5080325483229728,-0.0879948784524646,0.2509168433336196,True,31,31
SYLDt_ha,31,0.2100188349352541,"[0.23250378787878784, 0.5155227272727273, 0.9718674242424243]","[0.46430919211948585, 0.6613993412590987, 5.074409681572439]",Recomputed quartile edges in each resample,5000,5000,0.34165030207459,0.1316314671393359,0.1761109889558615,0.539976995287311,-0.1199393254168028,0.2439266809146466,True,31,31
Slope_pct,31,0.3115953914350547,"[14.092312811918084, 26.86646520042202, 32.0720661765597]","[0.46430919211948585, 0.6613993412590987, 5.074409681572439]",Fixed original-sample quartile edges,5000,5000,0.3990202636453049,0.0874248722102501,0.2527749957830613,0.5634826617953501,0.0597081210747593,0.3704157870870481,True,31,31
Slope_pct,31,0.3115953914350547,"[14.092312811918084, 26.86646520042202, 32.0720661765597]","[0.46430919211948585, 0.6613993412590987, 5.074409681572439]",Recomputed quartile edges in each resample,5000,5000,0.4110125417800664,0.0994171503450117,0.2445823398900456,0.5937948153200728,0.0293959675500365,0.3786084429800638,True,31,31
Elev_m,31,0.2486174707916405,"[272.7998656820832, 438.7000619717165, 627.6384546821794]","[0.46430919211948585, 0.6613993412590987, 5.074409681572439]",Fixed original-sample quartile edges,5000,5000,0.3468925294802009,0.0982750586885604,0.2107754245458195,0.5078080106643107,-0.0105730690810296,0.2864595170374615,True,31,31
Elev_m,31,0.2486174707916405,"[272.7998656820832, 438.7000619717165, 627.6384546821794]","[0.46430919211948585, 0.6613993412590987, 5.074409681572439]",Recomputed quartile edges in each resample,5000,5000,0.3843960553405295,0.135778584548889,0.2191171727651197,0.577231728140128,-0.079996786556847,0.2781177688181613,True,31,31
AGRL_pct,31,0.3258596393648748,"[0.0, 3.73863683500158, 19.538724427182785]","[0.46430919211948585, 0.6613993412590987, 5.074409681572439]",Fixed original-sample quartile edges,5000,5000,0.4032162585214988,0.077356619156624,0.2463006564817141,0.6025499227873414,0.0491693559424081,0.4054186222480355,True,18,31
AGRL_pct,31,0.3258596393648748,"[0.0, 3.73863683500158, 19.538724427182785]","[0.46430919211948585, 0.6613993412590987, 5.074409681572439]",Recomputed quartile edges in each resample,5000,5000,0.3909288080345494,0.0650691686696746,0.1858651001138203,0.6003973938377333,0.0513218848920162,0.4658541786159292,True,18,31
FRST_pct,31,0.2163222152507048,"[31.718914400668467, 50.06811250015069, 70.39501843481787]","[0.46430919211948585, 0.6613993412590987, 5.074409681572439]",Fixed original-sample quartile edges,5000,5000,0.3128799981955566,0.0965577829448517,0.1868827588531023,0.4669452465271283,-0.0343008160257185,0.2457616716483074,True,26,31
FRST_pct,31,0.2163222152507048,"[31.718914400668467, 50.06811250015069, 70.39501843481787]","[0.46430919211948585, 0.6613993412590987, 5.074409681572439]",Recomputed quartile edges in each resample,5000,5000,0.3804688121814965,0.1641465969307916,0.2120996085077732,0.5815837307974547,-0.1489393002960449,0.2205448219936365,True,26,31
PAST_pct,31,0.0592911812095224,[0.0],"[0.46430919211948585, 0.6613993412590987, 5.074409681572439]",Fixed original-sample quartile edges,5000,3153,0.0916950617555622,0.0324038805460397,0.0427737294707088,0.1993652208831251,-0.0807828584640802,0.075808632948336,True,2,31
PAST_pct,31,0.0592911812095224,[0.0],"[0.46430919211948585, 0.6613993412590987, 5.074409681572439]",Recomputed quartile edges in each resample,5000,3153,0.0913162360111647,0.0320250548016422,0.0501125062434839,0.1941866700173251,-0.0756043075982801,0.0684698561755609,True,2,31
URBN_pct,31,0.210018834935254,"[0.7116392809472395, 2.404905425067553, 9.728367723967521]","[0.46430919211948585, 0.6613993412590987, 5.074409681572439]",Fixed original-sample quartile edges,5000,5000,0.3219291310610391,0.1119102961257851,0.1688029433384133,0.5066757488829374,-0.0866380790124293,0.2512347265320948,True,31,31
URBN_pct,31,0.210018834935254,"[0.7116392809472395, 2.404905425067553, 9.728367723967521]","[0.46430919211948585, 0.6613993412590987, 5.074409681572439]",Recomputed quartile edges in each resample,5000,5000,0.3439467878114709,0.1339279528762168,0.1797571387182814,0.5410186806081378,-0.1209810107376297,0.2402805311522266,True,31,31
WATR_pct,31,0.0934445734024131,"[0.012847979177978, 0.147635200449936, 1.5600360719615054]","[0.46430919211948585, 0.6613993412590987, 5.074409681572439]",Fixed original-sample quartile edges,5000,5000,0.2267013976037353,0.1332568242013221,0.0830633141239283,0.4034670129038629,-0.2165778660990365,0.103825832680898,True,29,31
WATR_pct,31,0.0934445734024131,"[0.012847979177978, 0.147635200449936, 1.5600360719615054]","[0.46430919211948585, 0.6613993412590987, 5.074409681572439]",Recomputed quartile edges in each resample,5000,5000,0.325479234316309,0.2320346609138958,0.1522524922990944,0.5192960580214848,-0.3324069112166584,0.0346366545057319,False,29,31
