scenario,folder,target_subbasin,target_mgt_files,target_filterw_unique_m,fertilized_hru_count,fertilizer_rate_unique_kg_ha,output_rch_bytes,output_hru_bytes
Baseline,Miyun_Calib_01,31,11,0.0,0,,3388011,77714000
S1,S1_BMP_Sub31_FILTERW15_UREA100,31,11,0.0;15.0,6,100.0,3388011,77714000
S2,S2_BMP_Sub31_FILTERW30_UREA100,31,11,0.0;30.0,6,100.0,3388011,77714000
S3,S3_BMP_Sub31_FILTERW15_UREA150,31,11,0.0;15.0,6,150.0,3388011,77714000
S4,S4_BMP_Sub31_FILTERW30_UREA150,31,11,0.0;30.0,6,150.0,3388011,77714000
S5,S5_BMP_Sub31_ConsTillage,31,11,0.0,0,,3388011,77714000
S6,S6_BMP_Sub31_Terrace,31,11,0.0,0,,3388011,77714000
S7,S7_BMP_Sub31_RiparianBuffer,31,11,0.0;20.0,0,,3388011,77714000
S8,S8_BMP_Sub31_Wetland,31,11,0.0,0,,3388011,77714000
S9,S9_BMP_Sub31_Combined_UREA100,31,11,0.0;30.0,6,100.0,3388011,77714000
