scenario,file_role,file_name,bytes,sha256,sha256_prefix_12
Baseline,target management file,000310001.mgt,2007,e32a162044d1b3a7ac636ac2c74d21ed7ce76ca4603f68e6aa8c017500c0b283,e32a162044d1
Baseline,target management file,000310002.mgt,2013,a47773cb7be18d4a113dd2cd58eb9a4488377854548c7cc07d1ed03c44094336,a47773cb7be1
Baseline,target management file,000310003.mgt,2013,edc62d8f831a57e8e1241d4a40794a1b602c099aeb3bc40858bcf4a15c99f00d,edc62d8f831a
Baseline,target management file,000310004.mgt,2018,2e9181b045aca4e40b339d5abaea2cf169584735cd581ca70e21d5e59acc8245,2e9181b045ac
Baseline,target management file,000310005.mgt,2021,f144f5cab2deff4f9f77adf308a7f7d05d6f0e9ab922f71897f1dae4a5fb067c,f144f5cab2de
Baseline,target management file,000310006.mgt,2013,f878cbd0778b9204f55702fad47e6566f5d4216e55d9cdf5444f1f10471ac757,f878cbd0778b
Baseline,target management file,000310007.mgt,2016,c9b5e983a4bdccc4c1317416e923ceba46f7a778f79ca2448b40c03aa9ec74d5,c9b5e983a4bd
Baseline,target management file,000310008.mgt,2013,e1a331410a1ffe3698070c354c3c32822f90f359de047a5f67fb1a2028b2b546,e1a331410a1f
Baseline,target management file,000310009.mgt,2016,d725900a2f11caeb8854abffed34ef748eb890e77f46933f5a28cd3ee5d4506a,d725900a2f11
Baseline,target management file,000310010.mgt,1943,49b8ee10b0921131a856dc6a048770d3d5bd28219b8dfaab2bd7a7ebbce1ff01,49b8ee10b092
Baseline,target management file,000310011.mgt,1938,d68e5db364d2e6f31c938e6e7fdd401aeff3c89894914f6670ee05508643d7df,d68e5db364d2
Baseline,output.rch,output.rch,3388011,116f6d4d39194c7ef2a6cd5a6588e506c400caf47450e8fe584e57cffcd60b17,116f6d4d3919
Baseline,output.hru,output.hru,77714000,3113b15fe924e3d022be0ca09fc41e8a8ad373c177da074b1347fa72b27ba0a3,3113b15fe924
Baseline,output.sub,output.sub,1281696,6425d3f8c679145dbf2e367f34486e2d690e69cc71d011d3df1dfa8b2d2ea10c,6425d3f8c679
S1,target management file,000310001.mgt,2007,e32a162044d1b3a7ac636ac2c74d21ed7ce76ca4603f68e6aa8c017500c0b283,e32a162044d1
S1,target management file,000310002.mgt,2013,a47773cb7be18d4a113dd2cd58eb9a4488377854548c7cc07d1ed03c44094336,a47773cb7be1
S1,target management file,000310003.mgt,2013,edc62d8f831a57e8e1241d4a40794a1b602c099aeb3bc40858bcf4a15c99f00d,edc62d8f831a
S1,target management file,000310004.mgt,2069,b415431d2b122ebba8a09f2300a6c4b1d259258010c22d19b0d0fb35f33a45d9,b415431d2b12
S1,target management file,000310005.mgt,2072,7b38029fa21185ec90a931e6b58da02f849a2b546b6a9e835f4f7fe81831b89e,7b38029fa211
S1,target management file,000310006.mgt,2064,96164178fc371bc6162e11b35ca56be1bfd72cca4402d9413f10d93ad4a09c8d,96164178fc37
S1,target management file,000310007.mgt,2067,7265f58bcfdacc9688b6f3a869dba3a3f002c2e3c1abcc6505935b5f83ed4973,7265f58bcfda
S1,target management file,000310008.mgt,2064,2d649af3ead604329369e4c4443bb9360edc6c90000bac4028c379149515c46c,2d649af3ead6
S1,target management file,000310009.mgt,2067,6d333f78e63fc6f346aea9f1a51b0147435d0580dc09ed828c044dada8e9d8ed,6d333f78e63f
S1,target management file,000310010.mgt,1943,49b8ee10b0921131a856dc6a048770d3d5bd28219b8dfaab2bd7a7ebbce1ff01,49b8ee10b092
S1,target management file,000310011.mgt,1938,d68e5db364d2e6f31c938e6e7fdd401aeff3c89894914f6670ee05508643d7df,d68e5db364d2
S1,output.rch,output.rch,3388011,db1b90c1a50eca5c094aa6e91b6d679fabb939df10deac84fdc6e52f654d00f4,db1b90c1a50e
S1,output.hru,output.hru,77714000,4467be392951075a9900e20e5bf8354bf9c78229d820822397fab91f434bb8aa,4467be392951
S1,output.sub,output.sub,1281696,6c339ee3203fe25ef1af16c22165a33cd0781485b1328f793ce2f0f0e67054b4,6c339ee3203f
S2,target management file,000310001.mgt,2007,e32a162044d1b3a7ac636ac2c74d21ed7ce76ca4603f68e6aa8c017500c0b283,e32a162044d1
S2,target management file,000310002.mgt,2013,a47773cb7be18d4a113dd2cd58eb9a4488377854548c7cc07d1ed03c44094336,a47773cb7be1
S2,target management file,000310003.mgt,2013,edc62d8f831a57e8e1241d4a40794a1b602c099aeb3bc40858bcf4a15c99f00d,edc62d8f831a
S2,target management file,000310004.mgt,2069,3aa43c417e192088f2b1375223976ab45fb4d64829dbfca491fbd8d2296a1ea6,3aa43c417e19
S2,target management file,000310005.mgt,2072,9fde10b7b2e190c07a8ef0659996943dd5037af1691316eceff7c68fb4354026,9fde10b7b2e1
S2,target management file,000310006.mgt,2064,fc75ef214332715c0f860a78f72c359272e7aba3de61dcaf3f3696aac89a8864,fc75ef214332
S2,target management file,000310007.mgt,2067,759eab0af7966c62c855c2984ffd87f805a032f9b42a105ba4842572be0654bc,759eab0af796
S2,target management file,000310008.mgt,2064,954ca021850fdb3283ca558f2f7bece34bd356ee10b60368b3d82ca060d563a0,954ca021850f
S2,target management file,000310009.mgt,2067,ee7500dc486b35f227b199d6d5184784421ba3f6c17d9e1b880e9891f5678c34,ee7500dc486b
S2,target management file,000310010.mgt,1943,49b8ee10b0921131a856dc6a048770d3d5bd28219b8dfaab2bd7a7ebbce1ff01,49b8ee10b092
S2,target management file,000310011.mgt,1938,d68e5db364d2e6f31c938e6e7fdd401aeff3c89894914f6670ee05508643d7df,d68e5db364d2
S2,output.rch,output.rch,3388011,7f2373e125f2a462fab6fa5414e19849f188533ade911b67dde0011a8e5871ce,7f2373e125f2
S2,output.hru,output.hru,77714000,3f84a0bc2c3166dff5da7723a97f98627ea85effd70af53cc0c97476076e430c,3f84a0bc2c31
S2,output.sub,output.sub,1281696,3ad56584e03a1c5ab03fcb45b44511e138c6dfd23f42167d97c113a530e22095,3ad56584e03a
S3,target management file,000310001.mgt,2007,e32a162044d1b3a7ac636ac2c74d21ed7ce76ca4603f68e6aa8c017500c0b283,e32a162044d1
S3,target management file,000310002.mgt,2013,a47773cb7be18d4a113dd2cd58eb9a4488377854548c7cc07d1ed03c44094336,a47773cb7be1
S3,target management file,000310003.mgt,2013,edc62d8f831a57e8e1241d4a40794a1b602c099aeb3bc40858bcf4a15c99f00d,edc62d8f831a
S3,target management file,000310004.mgt,2069,bd1dac32589330d5bd88ccffe2a548a3e9e24cefbd15d2f5037d15f7b70484e6,bd1dac325893
S3,target management file,000310005.mgt,2072,ad0841da5b218d642f6e6e9aa4d0964cb0347d8e3adf76e06e3bf563857bfefd,ad0841da5b21
S3,target management file,000310006.mgt,2064,579af921f73dc2d56f1b63007b94c7567c8d684270f296973f98d5934a128535,579af921f73d
S3,target management file,000310007.mgt,2067,004e05b8a6e1f3080bf2e39e803756cd902e56b59926a384ad18d3421c6b3d7e,004e05b8a6e1
S3,target management file,000310008.mgt,2064,7b729e1ffc115ea03c0bfe5032f9fca981c0813e46418eaaa1e7abe9a940f0a6,7b729e1ffc11
S3,target management file,000310009.mgt,2067,66ddd2152f9031d7f32ca12040f7e6a91a778e1b40c9a10fceb693ca907aed29,66ddd2152f90
S3,target management file,000310010.mgt,1943,49b8ee10b0921131a856dc6a048770d3d5bd28219b8dfaab2bd7a7ebbce1ff01,49b8ee10b092
S3,target management file,000310011.mgt,1938,d68e5db364d2e6f31c938e6e7fdd401aeff3c89894914f6670ee05508643d7df,d68e5db364d2
S3,output.rch,output.rch,3388011,2f1989fae10aebb96b634321581c2e0e02cb2222924e22b583109e54136561c3,2f1989fae10a
S3,output.hru,output.hru,77714000,c8eed104c5289b76b83d49dd5b7379529a50537570b8078a13a51839d53b067e,c8eed104c528
S3,output.sub,output.sub,1281696,6ac2b770a250c1ebe473a00670af0c8afd6574b3d8980d3d8f6841d28184deb0,6ac2b770a250
S4,target management file,000310001.mgt,2007,e32a162044d1b3a7ac636ac2c74d21ed7ce76ca4603f68e6aa8c017500c0b283,e32a162044d1
S4,target management file,000310002.mgt,2013,a47773cb7be18d4a113dd2cd58eb9a4488377854548c7cc07d1ed03c44094336,a47773cb7be1
S4,target management file,000310003.mgt,2013,edc62d8f831a57e8e1241d4a40794a1b602c099aeb3bc40858bcf4a15c99f00d,edc62d8f831a
S4,target management file,000310004.mgt,2069,9536645049e577f07c5dc660b14e0d6fc12709ac8813c6a412b9a45d9c036aa5,9536645049e5
S4,target management file,000310005.mgt,2072,9aee3cb5574a9a762d6bc0404f5fda19cbbc9e2968d0d39f796d87ff1100481a,9aee3cb5574a
S4,target management file,000310006.mgt,2064,52a7f84b1b95edb58d6514f7b17c833344c3cbd00077b23e443225d897c4dea0,52a7f84b1b95
S4,target management file,000310007.mgt,2067,3036fd55436f92d3d029cf71c0dfee754ab3ac9079d397eddc83c8518e7af3dd,3036fd55436f
S4,target management file,000310008.mgt,2064,592409cbe4b0803e58b67a68b4f47b5adbcecb0a9009a0c063484f3537d56d50,592409cbe4b0
S4,target management file,000310009.mgt,2067,204bd9569e7ceb454b6d29b422648322615502901f8383737ac62910ac378c38,204bd9569e7c
S4,target management file,000310010.mgt,1943,49b8ee10b0921131a856dc6a048770d3d5bd28219b8dfaab2bd7a7ebbce1ff01,49b8ee10b092
S4,target management file,000310011.mgt,1938,d68e5db364d2e6f31c938e6e7fdd401aeff3c89894914f6670ee05508643d7df,d68e5db364d2
S4,output.rch,output.rch,3388011,7e7135dcb77e49783aaeecc83a3c8f39a98d6f1d5483b59da73c4b777e6a1740,7e7135dcb77e
S4,output.hru,output.hru,77714000,a8c0589a52b8e9151597bc3bd8e4f8e8a75481785c588c0f308a49c1d5a714e2,a8c0589a52b8
S4,output.sub,output.sub,1281696,d43dbb6e60955df14e2825a2a6110efa45f8b5e6269495c2492933a0531a1f76,d43dbb6e6095
S9,target management file,000310001.mgt,2007,e32a162044d1b3a7ac636ac2c74d21ed7ce76ca4603f68e6aa8c017500c0b283,e32a162044d1
S9,target management file,000310002.mgt,2013,a47773cb7be18d4a113dd2cd58eb9a4488377854548c7cc07d1ed03c44094336,a47773cb7be1
S9,target management file,000310003.mgt,2013,edc62d8f831a57e8e1241d4a40794a1b602c099aeb3bc40858bcf4a15c99f00d,edc62d8f831a
S9,target management file,000310004.mgt,2069,e6e0a9d029a83bf3fd2b62c7c89683d0cc575a98df70dc8a4c3ac8a0381b7724,e6e0a9d029a8
S9,target management file,000310005.mgt,2072,8cc6727a89482621f055c35a6e81218eb563bbc87abe7232dcf9ac51414d1ee8,8cc6727a8948
S9,target management file,000310006.mgt,2064,f8528f2120b7e451a875c3e9e147b996a25947545ddd25fa677c3f81a450bd81,f8528f2120b7
S9,target management file,000310007.mgt,2067,ee5afb8141b42873f7644cc6b4d0d193760021d8bc34c40b0de60edbfd68d00a,ee5afb8141b4
S9,target management file,000310008.mgt,2064,2160a016cd8b4891d8682ebae0edae876802695f6aac2a905db0e462dcb73d52,2160a016cd8b
S9,target management file,000310009.mgt,2067,41e8bc8d28e516ded499c020a0db48a48bd84f92b63081d211e196532d2d5937,41e8bc8d28e5
S9,target management file,000310010.mgt,1943,49b8ee10b0921131a856dc6a048770d3d5bd28219b8dfaab2bd7a7ebbce1ff01,49b8ee10b092
S9,target management file,000310011.mgt,1938,d68e5db364d2e6f31c938e6e7fdd401aeff3c89894914f6670ee05508643d7df,d68e5db364d2
S9,output.rch,output.rch,3388011,aedb59fb340a922a90edc95aeb5c0e337f3501676f2a4a1e7ad7efc6d8768c88,aedb59fb340a
S9,output.hru,output.hru,77714000,4c28f11cdee375adeb55951bb5cdbe9e127f970877781766767f83f1d2b16e2f,4c28f11cdee3
S9,output.sub,output.sub,1281696,ea52d157f0661bd529462baffd0db56e6682920f09ed82231792efc5ecd18e1e,ea52d157f066
S5,target management file,000310001.mgt,2007,e32a162044d1b3a7ac636ac2c74d21ed7ce76ca4603f68e6aa8c017500c0b283,e32a162044d1
S5,target management file,000310002.mgt,2013,a47773cb7be18d4a113dd2cd58eb9a4488377854548c7cc07d1ed03c44094336,a47773cb7be1
S5,target management file,000310003.mgt,2013,edc62d8f831a57e8e1241d4a40794a1b602c099aeb3bc40858bcf4a15c99f00d,edc62d8f831a
S5,target management file,000310004.mgt,2018,e5f657f5a79f6eec23f03c2b6aa2ed69ceae09c067e94b59b677f203b97f12af,e5f657f5a79f
S5,target management file,000310005.mgt,2021,d30c46dfdfc2244262d6591fd5b75978e3d9e9b936d1dd8425bc9f6950fce1c7,d30c46dfdfc2
S5,target management file,000310006.mgt,2013,cc3c4c2ccec2942d2dade50a24d42c980382185fc4114be00fb3aaa78ee02546,cc3c4c2ccec2
S5,target management file,000310007.mgt,2016,cf0f8c77be7c9a3f5d3fabfb4d63fe7c6331029fd99d84dd9b26312406bee29c,cf0f8c77be7c
S5,target management file,000310008.mgt,2013,1222d76f6374ab5a46682ee6e1f764cb70ac489897a85148e45d4145db6d9cdd,1222d76f6374
S5,target management file,000310009.mgt,2016,47a9db9db549e22986c97409585e9d78a91ba8dd524409f21db440cdbd3ae6a1,47a9db9db549
S5,target management file,000310010.mgt,1943,49b8ee10b0921131a856dc6a048770d3d5bd28219b8dfaab2bd7a7ebbce1ff01,49b8ee10b092
S5,target management file,000310011.mgt,1938,d68e5db364d2e6f31c938e6e7fdd401aeff3c89894914f6670ee05508643d7df,d68e5db364d2
S5,output.rch,output.rch,3388011,902612b5f6896e44d66865b6d190561d5351d4552ca7d15770f15459427ada75,902612b5f689
S5,output.hru,output.hru,77714000,094fa7aa026ccb1eea6f9a7f9d17b84f7396d1c6925cc3e5865ce99c9cec3895,094fa7aa026c
S5,output.sub,output.sub,1281696,09373a2829852fa13dd0b2745fa3ff000902bc55c31b9b766066cf6e2e19a0c1,09373a282985
S6,target management file,000310001.mgt,2007,e32a162044d1b3a7ac636ac2c74d21ed7ce76ca4603f68e6aa8c017500c0b283,e32a162044d1
S6,target management file,000310002.mgt,2013,a47773cb7be18d4a113dd2cd58eb9a4488377854548c7cc07d1ed03c44094336,a47773cb7be1
S6,target management file,000310003.mgt,2013,edc62d8f831a57e8e1241d4a40794a1b602c099aeb3bc40858bcf4a15c99f00d,edc62d8f831a
S6,target management file,000310004.mgt,2018,8709b13eba1f4877594ce702e0abfdd394238997700134872796f5905f7efbdf,8709b13eba1f
S6,target management file,000310005.mgt,2021,0a2fb73b8b73a36b1b38e06db8c1c63a999b21e0240475a90bd4d496cd4b5806,0a2fb73b8b73
S6,target management file,000310006.mgt,2013,9cdcfffeaf612c72385a6cb019ea8d852ff17ad4fb1cb15ccc41d86ee9b11299,9cdcfffeaf61
S6,target management file,000310007.mgt,2016,32433824af0ba06c08d0999c9fdd7ed382d648e15d3fdc651d050992e2a5ab8a,32433824af0b
S6,target management file,000310008.mgt,2013,78392b93d38a83cb8345d93fbd31430a6f23ec7ee1eefceeff71e62e9f262709,78392b93d38a
S6,target management file,000310009.mgt,2016,62f99954119750e380f0cd9219d4f576216244a31440f04f17001a4d4b470eee,62f999541197
S6,target management file,000310010.mgt,1943,49b8ee10b0921131a856dc6a048770d3d5bd28219b8dfaab2bd7a7ebbce1ff01,49b8ee10b092
S6,target management file,000310011.mgt,1938,d68e5db364d2e6f31c938e6e7fdd401aeff3c89894914f6670ee05508643d7df,d68e5db364d2
S6,output.rch,output.rch,3388011,b9bbb73af864b7554d0fd5dabcd9f78c8fb7528b7f2ad49a2cc218b2b841238d,b9bbb73af864
S6,output.hru,output.hru,77714000,4196f4c34bb9508680db27b12287bf347c3f7f08694f725e8bb8a31db5b470a4,4196f4c34bb9
S6,output.sub,output.sub,1281696,81d977581c3150f9107a8b0979b81db7471e56e59968c7a49978ea2b1e2197f9,81d977581c31
S7,target management file,000310001.mgt,2007,e32a162044d1b3a7ac636ac2c74d21ed7ce76ca4603f68e6aa8c017500c0b283,e32a162044d1
S7,target management file,000310002.mgt,2013,a47773cb7be18d4a113dd2cd58eb9a4488377854548c7cc07d1ed03c44094336,a47773cb7be1
S7,target management file,000310003.mgt,2013,edc62d8f831a57e8e1241d4a40794a1b602c099aeb3bc40858bcf4a15c99f00d,edc62d8f831a
S7,target management file,000310004.mgt,2018,414237520bef49820768baae3926be89ed864d40c87d29a33dae4d5396bdd539,414237520bef
S7,target management file,000310005.mgt,2021,008a064d075ded7ce8ae88a4c74522275da6b15d7c0069b720d1764e687f45e6,008a064d075d
S7,target management file,000310006.mgt,2013,8edb03b533fb22f973c7378c2f707a279ba2a31ffddc9aaaffb78db5e091af33,8edb03b533fb
S7,target management file,000310007.mgt,2016,0a52342b44718f7c3b2d25bee9a97840ea33f6b457a67d16783bc79f9066c575,0a52342b4471
S7,target management file,000310008.mgt,2013,7923a8cd0c17406b3985bdeb25a422eff0e89d27af7338bdacfcc1f810508680,7923a8cd0c17
S7,target management file,000310009.mgt,2016,104ad7f3999858ecd3e43b66fa6b029ad049a8d32d792b4f0c6a7b01edae68df,104ad7f39998
S7,target management file,000310010.mgt,1943,49b8ee10b0921131a856dc6a048770d3d5bd28219b8dfaab2bd7a7ebbce1ff01,49b8ee10b092
S7,target management file,000310011.mgt,1938,d68e5db364d2e6f31c938e6e7fdd401aeff3c89894914f6670ee05508643d7df,d68e5db364d2
S7,output.rch,output.rch,3388011,4e5ca149b4114a312275030d2f98ef78b214ec351948524934ba564d822405a0,4e5ca149b411
S7,output.hru,output.hru,77714000,51ca49e8af827f79ddc2b1d21f3e385668fb668951942d4073dfd7d417346777,51ca49e8af82
S7,output.sub,output.sub,1281696,55a909297fcfc46d0abc6074166acb6cef12b2830db56d26dee7c8599a26224f,55a909297fcf
S8,target management file,000310001.mgt,2007,e32a162044d1b3a7ac636ac2c74d21ed7ce76ca4603f68e6aa8c017500c0b283,e32a162044d1
S8,target management file,000310002.mgt,2013,a47773cb7be18d4a113dd2cd58eb9a4488377854548c7cc07d1ed03c44094336,a47773cb7be1
S8,target management file,000310003.mgt,2013,edc62d8f831a57e8e1241d4a40794a1b602c099aeb3bc40858bcf4a15c99f00d,edc62d8f831a
S8,target management file,000310004.mgt,2018,2e9181b045aca4e40b339d5abaea2cf169584735cd581ca70e21d5e59acc8245,2e9181b045ac
S8,target management file,000310005.mgt,2021,f144f5cab2deff4f9f77adf308a7f7d05d6f0e9ab922f71897f1dae4a5fb067c,f144f5cab2de
S8,target management file,000310006.mgt,2013,f878cbd0778b9204f55702fad47e6566f5d4216e55d9cdf5444f1f10471ac757,f878cbd0778b
S8,target management file,000310007.mgt,2016,c9b5e983a4bdccc4c1317416e923ceba46f7a778f79ca2448b40c03aa9ec74d5,c9b5e983a4bd
S8,target management file,000310008.mgt,2013,e1a331410a1ffe3698070c354c3c32822f90f359de047a5f67fb1a2028b2b546,e1a331410a1f
S8,target management file,000310009.mgt,2016,d725900a2f11caeb8854abffed34ef748eb890e77f46933f5a28cd3ee5d4506a,d725900a2f11
S8,target management file,000310010.mgt,1943,49b8ee10b0921131a856dc6a048770d3d5bd28219b8dfaab2bd7a7ebbce1ff01,49b8ee10b092
S8,target management file,000310011.mgt,1938,d68e5db364d2e6f31c938e6e7fdd401aeff3c89894914f6670ee05508643d7df,d68e5db364d2
S8,output.rch,output.rch,3388011,150fb4328d2c309dcc924b4cf816cf82f8c12da6115e975184e456c528bc53bb,150fb4328d2c
S8,output.hru,output.hru,77714000,81db9fc92fa51aea46caf8ecc7534d7bb08b42b3c0803e0762bcbf5b2c4f7d38,81db9fc92fa5
S8,output.sub,output.sub,1281696,28acfdf0f7d802d5b05c9568fe1b72db5da4884a179e18094669eaa838f6c9ac,28acfdf0f7d8
