scenario,SUB,TN_OUT_TOTAL_KG,TN_FLOW_WEIGHTED_MG_L,FLOW_OUT_MEAN_CMS,ORGN_OUT_TOTAL_KG,NO3_OUT_TOTAL_KG,NH4_OUT_TOTAL_KG
Baseline,27,40601916.03160532,58.04274135977338,2.0111651515151516,25562297.009186506,12748913.95627715,2091415.6837754531
Baseline,31,6768625.950389407,21.463655345946123,0.9059092424242424,3197561.5143537256,3540924.7697900003,29117.740660000003
Baseline,32,20755949.01780918,32.67515384506917,1.8262425757575755,16019021.32030918,3796481.5382,898989.4785
S1,27,35742134.047210716,51.09540743184916,2.0111651515151516,23062019.85516251,10411304.426959561,2070216.1547354427
S1,31,1907914.2628062451,6.050210880019724,0.9058916666666667,696285.0960362749,1202643.98422,8657.805876
S1,32,20755949.01780918,32.67515384506917,1.8262425757575755,16019021.32030918,3796481.5382,898989.4785
S2,27,34660692.9365225,49.549426039378886,2.0111651515151516,22510723.126707204,9887241.87673865,2064303.520725443
S2,31,826954.6430011621,2.622366254031486,0.9058916666666667,144829.713428692,679112.9623199999,2868.2230649999997
S2,32,20755949.01780918,32.67515384506917,1.8262425757575755,16019021.32030918,3796481.5382,898989.4785
S3,27,35742090.037210576,51.09534451705831,2.0111651515151516,23062019.85516241,10411260.42695952,2070216.1547354388
S3,31,1907841.814940957,6.049987305958028,0.9058907575757575,696217.593927247,1202639.87008,8657.001861
S3,32,20755949.01780918,32.67515384506917,1.8262425757575755,16019021.32030918,3796481.5382,898989.4785
S4,27,34660682.946521364,49.54941175810576,2.0111651515151516,22510723.126707107,9887231.87673862,2064303.520725439
S4,31,826951.4944247762,2.622358942304527,0.9058907575757575,144829.80342966598,679109.66123,2868.278949
S4,32,20755949.01780918,32.67515384506917,1.8262425757575755,16019021.32030918,3796481.5382,898989.4785
S5,27,39453802.73445345,56.41358280732402,2.010732575757576,25026234.879356552,12137435.504304498,2090921.0674763299
S5,31,5617374.28926509,17.838475065472,0.9045825757575757,2659173.7380080903,2928391.4695,28870.355765
S5,32,20755949.01780918,32.67515384506917,1.8262425757575755,16019021.32030918,3796481.5382,898989.4785
S6,27,38013458.94165815,54.365767107523624,2.010296212121212,24226450.223366648,11505954.620199999,2082151.6074920003
S6,31,4178080.4822647097,13.288028529740515,0.9031775000000001,1859881.90705651,2297372.71,20206.224672199998
S6,32,20755949.01780918,32.67515384506917,1.8262425757575755,16019021.32030918,3796481.5382,898989.4785
S7,27,35307263.837731756,50.473735807431005,2.0111651515151516,22840450.883390404,10200256.37725269,2067999.353735452
S7,31,1471482.3604618341,4.666145014376964,0.9059092424242424,473272.494603054,991444.59413,6497.1905
S7,32,20755949.01780918,32.67515384506917,1.8262425757575755,16019021.32030918,3796481.5382,898989.4785
S8,27,40592259.33142057,58.032183558925766,2.0110507575757577,25562570.659686495,12743627.3946147,2086575.92297566
S8,31,6757908.948655831,21.433690832788578,0.9057266666666668,3197092.2863694998,3535272.75794,24340.378857300002
S8,32,20755949.01780918,32.67515384506917,1.8262425757575755,16019021.32030918,3796481.5382,898989.4785
S9,27,34668929.66018681,49.586797157525204,2.010122575757576,22511459.174988016,9894289.830172,2064727.478941
S9,31,834793.293965175,2.6582361309003253,0.9020589393939394,145599.48698192497,685823.81583,3201.341302
S9,32,20755949.01780918,32.67515384506917,1.8262425757575755,16019021.32030918,3796481.5382,898989.4785
