parameter,value,is_baseline_value,deficit_node_count,high_deficit_node_count,total_deficit_kg_d,total_surplus_kg_d,top5_transmission,top5_local,jaccard_overlap_with_baseline,capacity_spearman_with_baseline,changed_risk_classes,reservoir_classification,net_deficit_change_kg_d,bmp_reduction_change,bmp_note
river_k_d,0.04,False,13,9,-23097.406084592447,19046.896184719808,11;27;28;29;32,10;17;28;31;32,1.0,0.9974340175953078,0,Surplus,-923.74305564307,,Not applicable: OAT capacity parameters do not rerun SWAT BMP scenarios
river_k_d,0.05,True,13,9,-22173.663028949377,19175.97058155921,11;27;28;29;32,10;17;28;31;32,1.0,1.0,0,Surplus,0.0,,Not applicable: OAT capacity parameters do not rerun SWAT BMP scenarios
river_k_d,0.06,False,13,9,-21249.919973306307,19305.044978398608,11;27;28;29;32,10;17;28;31;32,1.0,0.998533724340176,2,Surplus,923.74305564307,,Not applicable: OAT capacity parameters do not rerun SWAT BMP scenarios
reservoir_k_d,0.02,False,13,9,-22173.663028949377,15175.970581559204,11;27;28;29;32,10;17;28;31;32,1.0,1.0,0,Surplus,0.0,,Not applicable: OAT capacity parameters do not rerun SWAT BMP scenarios
reservoir_k_d,0.025,True,13,9,-22173.663028949377,19175.97058155921,11;27;28;29;32,10;17;28;31;32,1.0,1.0,0,Surplus,0.0,,Not applicable: OAT capacity parameters do not rerun SWAT BMP scenarios
reservoir_k_d,0.03,False,13,9,-22173.663028949377,23175.97058155921,11;27;28;29;32,10;17;28;31;32,1.0,1.0,0,Surplus,0.0,,Not applicable: OAT capacity parameters do not rerun SWAT BMP scenarios
nonuniformity_a,0.64,False,13,8,-17750.39220808653,15325.778916878744,11;27;28;29;32,10;17;28;31;32,1.0,0.999266862170088,6,Surplus,4423.270820862846,,Not applicable: OAT capacity parameters do not rerun SWAT BMP scenarios
nonuniformity_a,0.8,True,13,9,-22173.663028949377,19175.97058155921,11;27;28;29;32,10;17;28;31;32,1.0,1.0,0,Surplus,0.0,,Not applicable: OAT capacity parameters do not rerun SWAT BMP scenarios
nonuniformity_a,0.96,False,13,10,-26596.93384981222,23026.162246239663,11;27;28;29;32,10;17;28;31;32,1.0,1.0,5,Surplus,-4423.270820862843,,Not applicable: OAT capacity parameters do not rerun SWAT BMP scenarios
reservoir_cap_mg_l,5.0,False,13,9,-22173.663028949377,19886.745386504663,11;27;28;29;32,10;17;28;31;32,1.0,1.0,0,Surplus,0.0,,Not applicable: OAT capacity parameters do not rerun SWAT BMP scenarios
reservoir_cap_mg_l,7.0,True,13,9,-22173.663028949377,19175.97058155921,11;27;28;29;32,10;17;28;31;32,1.0,1.0,0,Surplus,0.0,,Not applicable: OAT capacity parameters do not rerun SWAT BMP scenarios
reservoir_cap_mg_l,9.0,False,13,9,-22173.663028949377,18465.195776613757,11;27;28;29;32,10;17;28;31;32,1.0,1.0,0,Surplus,0.0,,Not applicable: OAT capacity parameters do not rerun SWAT BMP scenarios
relaxation_increment_mg_l,0.5,False,13,9,-22290.530551128955,19157.760639700595,11;27;28;29;32,10;17;28;31;32,1.0,0.999266862170088,0,Surplus,-116.86752217957837,,Not applicable: OAT capacity parameters do not rerun SWAT BMP scenarios
relaxation_increment_mg_l,1.0,True,13,9,-22173.663028949377,19175.97058155921,11;27;28;29;32,10;17;28;31;32,1.0,1.0,0,Surplus,0.0,,Not applicable: OAT capacity parameters do not rerun SWAT BMP scenarios
relaxation_increment_mg_l,1.5,False,13,9,-22173.663028949377,19175.97058155921,11;27;28;29;32,10;17;28;31;32,1.0,1.0,0,Surplus,0.0,,Not applicable: OAT capacity parameters do not rerun SWAT BMP scenarios
urban_ratio,1.1,False,13,9,-22165.280052196544,19186.974513049547,11;27;28;29;32,10;17;28;31;32,1.0,1.0,0,Surplus,8.382976752833201,,Not applicable: OAT capacity parameters do not rerun SWAT BMP scenarios
urban_ratio,1.3,True,13,9,-22173.663028949377,19175.97058155921,11;27;28;29;32,10;17;28;31;32,1.0,1.0,0,Surplus,0.0,,Not applicable: OAT capacity parameters do not rerun SWAT BMP scenarios
urban_ratio,1.5,False,13,9,-22182.04600570221,19164.966650068865,11;27;28;29;32,10;17;28;31;32,1.0,0.999266862170088,0,Surplus,-8.382976752833201,,Not applicable: OAT capacity parameters do not rerun SWAT BMP scenarios
industrial_ratio,1.15,False,13,9,-22173.245314024676,19176.483498174894,11;27;28;29;32,10;17;28;31;32,1.0,1.0,0,Surplus,0.4177149247007037,,Not applicable: OAT capacity parameters do not rerun SWAT BMP scenarios
industrial_ratio,1.35,True,13,9,-22173.663028949377,19175.97058155921,11;27;28;29;32,10;17;28;31;32,1.0,1.0,0,Surplus,0.0,,Not applicable: OAT capacity parameters do not rerun SWAT BMP scenarios
industrial_ratio,1.55,False,13,9,-22174.080743874078,19175.45766494352,11;27;28;29;32,10;17;28;31;32,1.0,1.0,0,Surplus,-0.4177149247007037,,Not applicable: OAT capacity parameters do not rerun SWAT BMP scenarios
